﻿<?xml version="1.0" encoding="utf-8"?>
<extension version="1.6" type="plugin" group="content" method="upgrade">
    <name>Embed Google Map</name>
    <author>Petteri Kivimäki</author>
    <creationDate>2 September 2012</creationDate>
    <copyright>(C)2011 Petteri Kivimäki</copyright>
    <license>http://www.gnu.org/copyright/gpl.html GNU/GPL</license>
    <authorEmail>petteri.kivimaki@helsinki.fi</authorEmail>
    <version>1.0</version>
    <description>PLG_EMBED_GOOGLE_MAP_DESC</description>
	<files>
        <filename plugin="embed_google_map">embed_google_map.php</filename>
		<filename>index.html</filename>
		<filename>license-gpl.txt</filename>
	</files>
	<languages>
		<language tag="en-GB">en-GB.plg_content_embed_google_map.ini</language>
        <language tag="en-GB">en-GB.plg_content_embed_google_map.sys.ini</language>
	</languages>
    <config>
		<fields name="params">

			<fieldset name="basic">
				
				<field name="zoom" type="list"
					default="14"
					description="PLG_EMBED_GOOGLE_MAP_DESC_ZOOM"
					label="PLG_EMBED_GOOGLE_MAP_LBL_ZOOM"
				>
					<option value="0">0</option>
					<option value="1">1</option>
					<option value="2">2</option>
					<option value="3">3</option>
					<option value="4">4</option>
					<option value="5">5</option>
					<option value="6">6</option>
					<option value="7">7</option>
					<option value="8">8</option>
					<option value="9">9</option>
					<option value="10">10</option>
					<option value="11">11</option>
					<option value="12">12</option>
					<option value="13">13</option>
					<option value="14">14</option>
					<option value="15">15</option>
					<option value="16">16</option>
					<option value="17">17</option>
					<option value="18">18</option>
					<option value="19">19</option>
					<option value="20">20</option>
					<option value="21">21</option>
				</field>
							
				<field name="add_link" type="radio"
					default="1"
					description="PLG_EMBED_GOOGLE_MAP_DESC_ADD_LINK"
					label="PLG_EMBED_GOOGLE_MAP_LBL_ADD_LINK"
				>
					<option value="0">PLG_EMBED_GOOGLE_MAP_SW_YES</option>
					<option value="1">PLG_EMBED_GOOGLE_MAP_SW_NO</option>
				</field>
				
				<field name="link_label" type="text"
					default="View Larger Map"
					size="60"
					description="PLG_EMBED_GOOGLE_MAP_DESC_LINK_LABEL"
					label="PLG_EMBED_GOOGLE_MAP_LBL_LINK_LABEL"
				/>

				<field name="height" type="text"
					default="400"
					size="6"
					description="PLG_EMBED_GOOGLE_MAP_DESC_HEIGHT"
					label="PLG_EMBED_GOOGLE_MAP_LBL_HEIGHT"
				/>
							
				<field name="width" type="text"
					default="300"
					size="6"
					description="PLG_EMBED_GOOGLE_MAP_DESC_WIDTH"
					label="PLG_EMBED_GOOGLE_MAP_LBL_WIDTH"
				/>
				
				<field name="border" type="list"
					default="0"
					description="PLG_EMBED_GOOGLE_MAP_DESC_BORDER"
					label="PLG_EMBED_GOOGLE_MAP_LBL_BORDER"
				>	
					<option value="0">0</option>
					<option value="1">1</option>
					<option value="2">2</option>
					<option value="3">3</option>
					<option value="4">4</option>
					<option value="5">5</option>
					<option value="6">6</option>
					<option value="7">7</option>
					<option value="8">8</option>
					<option value="9">9</option>
					<option value="10">10</option>
				</field>
			</fieldset>

		</fields>
	</config>
</extension>